,text,POS,lemma,lemma_count,lemmas,lemma_combination_count,start_idx,end_idx,text_ID,paragraph_idx,sentence_initial,valid,AOI_IDX,end_token_idx,start_token_idx
0,de gele trui,"DET, ADJ, NOUN",trui,13,"de, gele, trui",6,2,4,0.0,0.0,False,Lemma occurs to often,"0, 1, 2",5.0,3.0
1,De gele trui,"DET, ADJ, NOUN",trui,13,"de, gele, trui",6,7,9,0.0,1.0,False,Lemma occurs to often,"3, 4, 5",3.0,1.0
2,het wielrennen,"DET, NOUN",wielrennen,1,"het, wielrennen",1,13,14,0.0,1.0,False,,"6, 7",8.0,7.0
3,Frankrijk,NOUN,frankrijk,1,frankrijk,1,16,16,0.0,1.0,True,Token contains Named Entity,8,9.0,9.0
4,de bekendste wielerwedstrijd,"DET, ADJ, NOUN",wielerwedstrijd,3,"de, bekendste, wielerwedstrijd",1,19,21,0.0,1.0,False,,"9, 10, 11",14.0,12.0
5,de wereld,"DET, NOUN",wereld,1,"de, wereld",1,23,24,0.0,1.0,False,,"12, 13",17.0,16.0
6,De winnaar,"DET, NOUN",winnaar,1,"de, winnaar",1,26,27,0.0,1.0,False,Sentence initial,"14, 15",19.0,18.0
7,twee zoenen,"NUM, NOUN",zoenen,1,"twee, zoenen",1,29,30,0.0,1.0,False,,"16, 17",22.0,21.0
8,de rondemissen,"DET, NOUN",rondemissen,1,"de, rondemissen",1,32,33,0.0,1.0,False,,"18, 19",25.0,24.0
9,een frisse gele trui,"DET, ADJ, ADJ, NOUN",trui,13,"een, frisse, gele, trui",1,35,38,0.0,1.0,False,Lemma occurs to often,"20, 21, 22, 23",30.0,27.0
10,de gele trui,"DET, ADJ, NOUN",trui,13,"de, gele, trui",6,43,45,0.0,1.0,False,Lemma occurs to often,"24, 25, 26",36.0,34.0
11,De eerste gele trui,"DET, NUM, ADJ, NOUN",trui,13,"de, eerste, gele, trui",1,49,52,0.0,2.0,False,Lemma occurs to often,"27, 28, 29, 30",4.0,1.0
12,een eeuw,"DET, NOUN",eeuw,3,"een, eeuw",2,54,55,0.0,2.0,False,,"31, 32",7.0,6.0
13,De wielerwedstrijd,"DET, NOUN",wielerwedstrijd,3,"de, wielerwedstrijd",1,59,60,0.0,2.0,False,Sentence initial,"33, 34",11.0,10.0
14,een modebewuste wielrenner,"DET, ADJ, NOUN",wielrenner,2,"een, modebewuste, wielrenner",1,63,65,0.0,2.0,False,,"35, 36, 37",16.0,14.0
15,zijn shirt,"PRON, NOUN",shirt,1,"zijn, shirt",1,74,75,0.0,2.0,False,,"38, 39",25.0,24.0
16,een kanarie,"DET, NOUN",kanarie,1,"een, kanarie",1,84,85,0.0,2.0,False,,"40, 41",34.0,33.0
17,de felle kleur,"DET, ADJ, NOUN",kleur,2,"de, felle, kleur",1,88,90,0.0,2.0,False,,"42, 43, 44",38.0,36.0
18,zijn jasje,"PRON, NOUN",jasje,1,"zijn, jasje",1,92,93,0.0,2.0,False,,"45, 46",41.0,40.0
19,het peloton,"DET, NOUN",peloton,1,"het, peloton",1,108,109,0.0,2.0,False,,"47, 48",56.0,55.0
20,de kleur,"DET, NOUN",kleur,2,"de, kleur",1,117,118,0.0,3.0,False,,"49, 50",7.0,6.0
21,geel,NOUN,geel,1,geel,1,119,119,0.0,3.0,False,,51,8.0,8.0
22,Organisator,NOUN,organisator,1,organisator,1,128,128,0.0,3.0,True,Sentence initial,52,14.0,14.0
23,de wedstrijd,"DET, NOUN",wedstrijd,2,"de, wedstrijd",2,130,131,0.0,3.0,False,,"53, 54",17.0,16.0
24,een gele sportkrant,"DET, ADJ, NOUN",krant,3,"een, gele, krant",1,133,135,0.0,3.0,False,,"55, 56, 57",21.0,19.0
25,Het idee,"DET, NOUN",idee,1,"het, idee",1,137,138,0.0,3.0,False,Sentence initial,"58, 59",23.0,22.0
26,een link,"DET, NOUN",link,1,"een, link",1,142,143,0.0,3.0,False,,"60, 61",28.0,27.0
27,de gele trui,"DET, ADJ, NOUN",trui,13,"de, gele, trui",6,148,150,0.0,3.0,False,Lemma occurs to often,"62, 63, 64",35.0,33.0
28,hun krant,"PRON, NOUN",krant,3,"hun, krant",1,152,153,0.0,3.0,False,,"65, 66",38.0,37.0
29,de wedstrijd,"DET, NOUN",wedstrijd,2,"de, wedstrijd",2,161,162,0.0,3.0,False,,"67, 68",45.0,44.0
30,meer kranten,"NUM, NOUN",krant,3,"meer, krant",1,169,170,0.0,3.0,False,,"69, 70",52.0,51.0
31,De gele trui,"DET, ADJ, NOUN",trui,13,"de, gele, trui",6,173,175,0.0,4.0,False,Lemma occurs to often,"71, 72, 73",3.0,1.0
32,navolging,NOUN,navolging,1,navolging,1,177,177,0.0,4.0,False,,74,5.0,5.0
33,een groene trui,"DET, ADJ, NOUN",trui,13,"een, groene, trui",1,181,183,0.0,4.0,False,Lemma occurs to often,"75, 76, 77",10.0,8.0
34,het puntenklassement,"DET, NOUN",puntenklassement,1,"het, puntenklassement",1,185,186,0.0,4.0,False,,"78, 79",13.0,12.0
35,een witte trui,"DET, ADJ, NOUN",trui,13,"een, witte, trui",2,188,190,0.0,4.0,False,Lemma occurs to often,"80, 81, 82",16.0,14.0
36,het jongerenklassement,"DET, NOUN",jongerenklassement,1,"het, jongerenklassement",1,192,193,0.0,4.0,False,,"83, 84",19.0,18.0
37,de zogenaamde bolletjestrui,"DET, ADJ, NOUN",trui,13,"de, zogenaamde, trui",1,195,197,0.0,4.0,False,Lemma occurs to often,"85, 86, 87",23.0,21.0
38,een witte trui,"DET, ADJ, NOUN",trui,13,"een, witte, trui",2,199,201,0.0,4.0,False,Lemma occurs to often,"88, 89, 90",26.0,24.0
39,stippen,NOUN,stippen,1,stippen,1,203,203,0.0,4.0,False,,91,28.0,28.0
40,het bergklassement,"DET, NOUN",bergklassement,1,"het, bergklassement",1,206,207,0.0,4.0,False,,"92, 93",31.0,30.0
41,Veel wielerwedstrijden,"NUM, NOUN",wielerwedstrijd,3,"veel, wielerwedstrijd",1,209,210,0.0,4.0,True,Sentence initial,"94, 95",33.0,32.0
42,het voorbeeld,"DET, NOUN",voorbeeld,2,"het, voorbeeld",1,212,213,0.0,4.0,False,,"96, 97",36.0,35.0
43,de gele trui,"DET, ADJ, NOUN",trui,13,"de, gele, trui",6,215,217,0.0,4.0,False,Lemma occurs to often,"98, 99, 100",40.0,38.0
44,leiderstruien,NOUN,trui,13,trui,1,223,223,0.0,4.0,False,Lemma occurs to often,101,45.0,45.0
45,alle kleuren,"PRON, NOUN",kleuren,1,"alle, kleuren",1,225,226,0.0,4.0,False,,"102, 103",48.0,47.0
46,bloed,NOUN,bloed,1,bloed,1,229,229,0.0,5.0,False,,104,2.0,2.0
47,zweet,NOUN,zweet,1,zweet,1,231,231,0.0,5.0,True,,105,3.0,3.0
48,tranen,NOUN,tranen,1,tranen,1,233,233,0.0,5.0,False,,106,5.0,5.0
49,de beste wielrenner,"DET, ADJ, NOUN",wielrenner,2,"de, beste, wielrenner",1,235,237,0.0,5.0,False,,"107, 108, 109",9.0,7.0
50,negentig keer,"NUM, NOUN",keer,2,"negentig, keer",1,240,241,0.0,5.0,False,,"110, 111",13.0,12.0
51,het gele sportshirt,"DET, ADJ, NOUN",sportshirt,1,"het, gele, sportshirt",1,242,244,0.0,5.0,False,,"112, 113, 114",16.0,14.0
52,honderd keer,"NUM, NOUN",keer,2,"honderd, keer",1,253,254,0.0,5.0,False,,"115, 116",25.0,24.0
53,de bijbehorende inloopkast,"DET, ADJ, NOUN",inloopkast,1,"de, bijbehorende, inloopkast",1,263,265,0.0,5.0,False,,"117, 118, 119",35.0,33.0
54,cadeau,NOUN,cadeau,1,cadeau,1,266,266,0.0,5.0,False,,120,36.0,36.0
55,klimaatverandering,NOUN,klimaatverandering,2,klimaatverandering,2,274,274,1.0,0.0,False,,121,6.0,6.0
56,Het klimaat,"DET, NOUN",klimaat,4,"het, klimaat",4,276,277,1.0,1.0,False,Sentence initial,"122, 123",2.0,1.0
57,de temperatuur,"DET, NOUN",temperatuur,2,"de, temperatuur",2,280,281,1.0,1.0,False,,"124, 125",6.0,5.0
58,aarde,NOUN,aarde,4,aarde,2,283,283,1.0,1.0,False,,126,8.0,8.0
59,De reden,"DET, NOUN",reden,1,"de, reden",1,286,287,1.0,1.0,False,Sentence initial,"127, 128",11.0,10.0
60,meer broeikasgassen,"NUM, NOUN",broeikasgassen,5,"meer, broeikasgassen",1,293,294,1.0,1.0,False,,"129, 130",18.0,17.0
61,koolstofdioxide,NOUN,koolstofdioxide,4,koolstofdioxide,3,296,296,1.0,1.0,False,,131,20.0,20.0
62,de lucht,"DET, NOUN",lucht,2,"de, lucht",2,298,299,1.0,1.0,False,,"132, 133",23.0,22.0
63,De mens,"DET, NOUN",mens,6,"de, mens",2,302,303,1.0,1.0,False,Lemma occurs to often,"134, 135",26.0,25.0
64,de opwarming,"DET, NOUN",opwarming,1,"de, opwarming",1,308,309,1.0,1.0,False,,"136, 137",32.0,31.0
65,de aarde,"DET, NOUN",aarde,4,"de, aarde",2,311,312,1.0,1.0,False,,"138, 139",35.0,34.0
66,Broeikasgassen,NOUN,broeikasgassen,5,broeikasgassen,1,314,314,1.0,2.0,True,Sentence initial,140,1.0,1.0
67,koolstofdioxide,NOUN,koolstofdioxide,4,koolstofdioxide,3,316,316,1.0,2.0,False,,141,3.0,3.0
68,waterdamp,NOUN,waterdamp,1,waterdamp,1,318,318,1.0,2.0,False,,142,5.0,5.0
69,de atmosfeer,"DET, NOUN",atmosfeer,1,"de, atmosfeer",1,323,324,1.0,2.0,False,,"143, 144",11.0,10.0
70,de warmte,"DET, NOUN",warmte,1,"de, warmte",1,329,330,1.0,2.0,False,,"145, 146",16.0,15.0
71,de zon,"DET, NOUN",zon,1,"de, zon",1,332,333,1.0,2.0,False,,"147, 148",19.0,18.0
72,deze broeikasgassen,"PRON, NOUN",broeikasgassen,5,"deze, broeikasgassen",2,338,339,1.0,2.0,False,,"149, 150",24.0,23.0
73,aarde,NOUN,aarde,4,aarde,2,343,343,1.0,2.0,False,,151,28.0,28.0
74,dit broeikaseffect,"PRON, NOUN",broeikaseffect,2,"dit, broeikaseffect",1,353,354,1.0,2.0,False,,"152, 153",38.0,37.0
75,de mens,"DET, NOUN",mens,6,"de, mens",2,357,358,1.0,2.0,False,Lemma occurs to often,"154, 155",42.0,41.0
76,de fossiele brandstoffen,"DET, ADJ, NOUN",brandstoffen,2,"de, fossiele, brandstoffen",1,365,367,1.0,2.0,False,,"156, 157, 158",50.0,48.0
77,de verbranding,"DET, NOUN",verbranding,1,"de, verbranding",1,373,374,1.0,3.0,False,,"159, 160",3.0,2.0
78,deze brandstoffen,"PRON, NOUN",brandstoffen,2,"deze, brandstoffen",1,376,377,1.0,3.0,False,,"161, 162",6.0,5.0
79,koolstofdioxide,NOUN,koolstofdioxide,4,koolstofdioxide,3,379,379,1.0,3.0,False,,163,8.0,8.0
80,veertig procent,"NUM, NOUN",procent,1,"veertig, procent",1,385,386,1.0,3.0,False,,"164, 165",14.0,13.0
81,meer koolstofdioxide,"NUM, NOUN",koolstofdioxide,4,"meer, koolstofdioxide",1,387,388,1.0,3.0,False,,"166, 167",16.0,15.0
82,de lucht,"DET, NOUN",lucht,2,"de, lucht",2,390,391,1.0,3.0,False,,"168, 169",19.0,18.0
83,een paar eeuwen,"DET, ADJ, NOUN",eeuw,3,"een, paar, eeuw",1,393,395,1.0,3.0,False,,"170, 171, 172",23.0,21.0
84,deze broeikasgassen,"PRON, NOUN",broeikasgassen,5,"deze, broeikasgassen",2,399,400,1.0,3.0,False,,"173, 174",27.0,26.0
85,de aarde,"DET, NOUN",aarde,4,"de, aarde",2,404,405,1.0,3.0,False,,"175, 176",32.0,31.0
86,een halve graad,"DET, ADJ, NOUN",graad,2,"een, halve, graad",1,412,414,1.0,3.0,False,,"177, 178, 179",40.0,38.0
87,een eeuw,"DET, NOUN",eeuw,3,"een, eeuw",2,417,418,1.0,3.0,False,,"180, 181",44.0,43.0
88,de stijging,"DET, NOUN",stijging,1,"de, stijging",1,422,423,1.0,4.0,False,,"182, 183",3.0,2.0
89,de temperatuur,"DET, NOUN",temperatuur,2,"de, temperatuur",2,425,426,1.0,4.0,False,,"184, 185",6.0,5.0
90,het klimaat,"DET, NOUN",klimaat,4,"het, klimaat",4,428,429,1.0,4.0,False,,"186, 187",9.0,8.0
91,Bekende wetenschappers,"ADJ, NOUN",wetenschappers,1,"bekende, wetenschappers",1,439,440,1.0,4.0,True,Sentence initial,"188, 189",18.0,17.0
92,de gevolgen,"DET, NOUN",gevolgen,1,"de, gevolgen",1,449,450,1.0,4.0,False,,"190, 191",27.0,26.0
93,het klimaat,"DET, NOUN",klimaat,4,"het, klimaat",4,452,453,1.0,4.0,False,,"192, 193",30.0,29.0
94,het klimaat,"DET, NOUN",klimaat,4,"het, klimaat",4,459,460,1.0,4.0,False,,"194, 195",37.0,36.0
95,twee graden,"NUM, NOUN",graad,2,"twee, graad",1,464,465,1.0,4.0,False,,"196, 197",42.0,41.0
96,minder broeikasgassen,"NUM, NOUN",broeikasgassen,5,"minder, broeikasgassen",1,473,474,1.0,4.0,False,,"198, 199",50.0,49.0
97,maatregelen,NOUN,maatregelen,1,maatregelen,1,480,480,1.0,4.0,False,,200,55.0,55.0
98,een steentje,"DET, NOUN",steentje,1,"een, steentje",1,487,488,1.0,5.0,False,,"201, 202",5.0,4.0
99,de strijd,"DET, NOUN",strijd,1,"de, strijd",1,491,492,1.0,5.0,False,,"203, 204",9.0,8.0
100,klimaatverandering,NOUN,klimaatverandering,2,klimaatverandering,2,494,494,1.0,5.0,False,,205,11.0,11.0
101,een paar tips,"DET, ADJ, NOUN",tips,1,"een, paar, tips",1,498,500,1.0,5.0,False,,"206, 207, 208",16.0,14.0
102,energie,NOUN,energie,1,energie,1,506,506,1.0,5.0,False,,209,21.0,21.0
103,een duurzame energieproducent,"DET, ADJ, NOUN",energieproducent,1,"een, duurzame, energieproducent",1,511,513,1.0,5.0,False,,"210, 211, 212",28.0,26.0
104,vliegtuigen,NOUN,vliegtuigen,1,vliegtuigen,1,520,520,1.0,5.0,False,,213,34.0,34.0
105,het broeikaseffect,"DET, NOUN",broeikaseffect,2,"het, broeikaseffect",1,524,525,1.0,5.0,False,,"214, 215",39.0,38.0
106,geen gebruik,"PRON, NOUN",gebruik,1,"geen, gebruik",1,529,530,1.0,5.0,False,,"216, 217",43.0,42.0
107,vliegreizen,NOUN,vliegreizen,1,vliegreizen,1,532,532,1.0,5.0,False,,218,45.0,45.0
108,de bus,"DET, NOUN",bus,1,"de, bus",1,536,537,1.0,5.0,False,,"219, 220",50.0,49.0
109,de trein,"DET, NOUN",trein,1,"de, trein",1,539,540,1.0,5.0,False,,"221, 222",53.0,52.0
110,je vakantiebestemming,"PRON, NOUN",vakantiebestemming,1,"je, vakantiebestemming",1,542,543,1.0,5.0,False,,"223, 224",56.0,55.0
111,Dialect,NOUN,dialect,11,dialect,6,545,545,2.0,0.0,True,Lemma occurs to often,225,1.0,1.0
112,vooroordelen,NOUN,vooroordelen,3,vooroordelen,1,547,547,2.0,0.0,False,,226,3.0,3.0
113,de kolere,"DET, NOUN",kolere,1,"de, kolere",1,551,552,2.0,1.0,False,,"227, 228",5.0,4.0
114,een verfilming,"DET, NOUN",verfilming,1,"een, verfilming",1,557,558,2.0,1.0,False,,"229, 230",10.0,9.0
115,een bekend kinderboek,"DET, ADJ, NOUN",kinderboek,1,"een, bekend, kinderboek",1,560,562,2.0,1.0,False,,"231, 232, 233",14.0,12.0
116,De acteur,"DET, NOUN",acteur,1,"de, acteur",1,565,566,2.0,1.0,False,Sentence initial,"234, 235",17.0,16.0
117,zijn optreden,"PRON, NOUN",optreden,1,"zijn, optreden",1,569,570,2.0,1.0,False,,"236, 237",21.0,20.0
118,de film,"DET, NOUN",film,1,"de, film",1,572,573,2.0,1.0,False,,"238, 239",24.0,23.0
119,een typisch voorbeeld,"DET, ADJ, NOUN",voorbeeld,2,"een, typisch, voorbeeld",1,575,577,2.0,1.0,False,,"240, 241, 242",28.0,26.0
120,een straatjongen,"DET, NOUN",straatjongen,1,"een, straatjongen",1,579,580,2.0,1.0,False,,"243, 244",31.0,30.0
121,de hoofdstad,"DET, NOUN",hoofdstad,1,"de, hoofdstad",1,582,583,2.0,1.0,False,,"245, 246",34.0,33.0
122,zulke figuren,"PRON, NOUN",figuren,1,"zulke, figuren",1,587,588,2.0,1.0,False,,"247, 248",38.0,37.0
123,regelmatig vooroordelen,"NUM, NOUN",vooroordelen,3,"regelmatig, vooroordelen",1,590,591,2.0,1.0,False,,"249, 250",41.0,40.0
124,uiterlijk,NOUN,uiterlijk,1,uiterlijk,1,598,598,2.0,1.0,False,,251,47.0,47.0
125,afkomst,NOUN,afkomst,1,afkomst,1,600,600,2.0,1.0,False,,252,49.0,49.0
126,taal,NOUN,taal,5,taal,3,604,604,2.0,1.0,False,,253,52.0,52.0
127,een belangrijke rol,"DET, ADJ, NOUN",rol,1,"een, belangrijke, rol",1,607,609,2.0,1.0,False,,"254, 255, 256",57.0,55.0
128,Dialecten,NOUN,dialect,11,dialect,6,613,613,2.0,2.0,True,Lemma occurs to often,257,1.0,1.0
129,veel mensen,"NUM, NOUN",mens,6,"veel, mens",1,616,617,2.0,2.0,False,Lemma occurs to often,"258, 259",5.0,4.0
130,een minderwaardige vorm,"DET, ADJ, NOUN",vorm,1,"een, minderwaardige, vorm",1,619,621,2.0,2.0,False,,"260, 261, 262",9.0,7.0
131,taal,NOUN,taal,5,taal,3,623,623,2.0,2.0,False,,263,11.0,11.0
132,personen,NOUN,personen,1,personen,1,628,628,2.0,2.0,False,,264,15.0,15.0
133,een dialect,"DET, NOUN",dialect,11,"een, dialect",1,631,632,2.0,2.0,False,Lemma occurs to often,"265, 266",19.0,18.0
134,Amsterdammers,NOUN,amsterdam,3,amsterdam,3,638,638,2.0,2.0,True,Token contains Named Entity,267,24.0,24.0
135,sommige mensen,"PRON, NOUN",mens,6,"sommige, mens",1,641,642,2.0,2.0,False,Lemma occurs to often,"268, 269",28.0,27.0
136,Hun taalgebruik,"PRON, NOUN",taal,5,"hun, taal",1,651,652,2.0,2.0,False,Sentence initial,"270, 271",36.0,35.0
137,een negatief imago,"DET, ADJ, NOUN",imago,1,"een, negatief, imago",1,660,662,2.0,2.0,False,,"272, 273, 274",45.0,43.0
138,alle dialecten,"PRON, NOUN",dialect,11,"alle, dialect",1,665,666,2.0,3.0,False,Lemma occurs to often,"275, 276",3.0,2.0
139,dezelfde manier,"PRON, NOUN",manier,2,"dezelfde, manier",1,669,670,2.0,3.0,False,,"277, 278",7.0,6.0
140,steden,NOUN,steden,1,steden,1,674,674,2.0,3.0,False,,279,10.0,10.0
141,de volkstaal,"DET, NOUN",volkstaal,2,"de, volkstaal",2,676,677,2.0,3.0,False,,"280, 281",13.0,12.0
142,de lagere klasse,"DET, ADJ, NOUN",klasse,2,"de, lagere, klasse",1,680,682,2.0,3.0,False,,"282, 283, 284",18.0,16.0
143,stadsdialecten,NOUN,dialect,11,dialect,6,687,687,2.0,3.0,False,Lemma occurs to often,285,22.0,22.0
144,verband,NOUN,verband,1,verband,1,690,690,2.0,3.0,False,,286,25.0,25.0
145,een lager milieu,"DET, ADJ, NOUN",milieu,1,"een, lager, milieu",1,693,695,2.0,3.0,False,,"287, 288, 289",30.0,28.0
146,Amsterdams,NOUN,amsterdam,3,amsterdam,3,697,697,2.0,3.0,True,Token contains Named Entity,290,31.0,31.0
147,een lage klasse,"DET, ADJ, NOUN",klasse,2,"een, lage, klasse",1,701,703,2.0,3.0,False,,"291, 292, 293",37.0,35.0
148,streekdialecten,NOUN,dialect,11,dialect,6,707,707,2.0,4.0,False,Lemma occurs to often,294,2.0,2.0
149,het platteland,"DET, NOUN",platteland,1,"het, platteland",1,713,714,2.0,4.0,False,,"295, 296",8.0,7.0
150,meer mensen,"NUM, NOUN",mens,6,"meer, mens",1,716,717,2.0,4.0,False,Lemma occurs to often,"297, 298",11.0,10.0
151,de streektaal,"DET, NOUN",taal,5,"de, taal",1,718,719,2.0,4.0,False,,"299, 300",13.0,12.0
152,de stad,"DET, NOUN",stad,1,"de, stad",1,722,723,2.0,4.0,False,,"301, 302",17.0,16.0
153,tegenstelling,NOUN,tegenstelling,2,tegenstelling,2,729,729,2.0,4.0,False,,303,22.0,22.0
154,de stadsdialecten,"DET, NOUN",dialect,11,"de, dialect",1,731,732,2.0,4.0,False,Lemma occurs to often,"304, 305",25.0,24.0
155,streekdialecten,NOUN,dialect,11,dialect,6,734,734,2.0,4.0,False,Lemma occurs to often,306,27.0,27.0
156,een sterke lobby,"DET, ADJ, NOUN",lobby,1,"een, sterke, lobby",1,736,738,2.0,4.0,False,,"307, 308, 309",31.0,29.0
157,een duidelijk verschil,"DET, ADJ, NOUN",verschil,1,"een, duidelijk, verschil",1,743,745,2.0,4.0,False,,"310, 311, 312",37.0,35.0
158,stadsdialecten,NOUN,dialect,11,dialect,6,750,750,2.0,4.0,False,Lemma occurs to often,313,42.0,42.0
159,plattelandsdialecten,NOUN,plattelandsdialecten,1,plattelandsdialecten,1,752,752,2.0,4.0,False,,314,44.0,44.0
160,meer zangers,"NUM, NOUN",zangers,1,"meer, zangers",1,759,760,2.0,5.0,False,,"315, 316",5.0,4.0
161,liedjes,NOUN,lied,3,lied,2,763,763,2.0,5.0,False,,317,8.0,8.0
162,hun eigen dialect,"PRON, ADJ, NOUN",dialect,11,"hun, eigen, dialect",1,767,769,2.0,5.0,False,Lemma occurs to often,"318, 319, 320",14.0,12.0
163,zulke artiesten,"PRON, NOUN",artiesten,1,"zulke, artiesten",1,773,774,2.0,5.0,False,,"321, 322",18.0,17.0
164,meer waardering,"NUM, NOUN",waardering,1,"meer, waardering",1,778,779,2.0,5.0,False,,"323, 324",23.0,22.0
165,de volkstaal,"DET, NOUN",volkstaal,2,"de, volkstaal",2,781,782,2.0,5.0,False,,"325, 326",26.0,25.0
166,veel vooroordelen,"NUM, NOUN",vooroordelen,3,"veel, vooroordelen",1,786,787,2.0,5.0,False,,"327, 328",30.0,29.0
167,het dialect,"DET, NOUN",dialect,11,"het, dialect",1,789,790,2.0,5.0,False,Lemma occurs to often,"329, 330",33.0,32.0
168,Amsterdammers,NOUN,amsterdam,3,amsterdam,3,795,795,2.0,5.0,True,Token contains Named Entity,331,37.0,37.0
169,taal,NOUN,taal,5,taal,3,806,806,2.0,5.0,False,,332,47.0,47.0
170,een prachtige manier,"DET, ADJ, NOUN",manier,2,"een, prachtige, manier",1,809,811,2.0,5.0,False,,"333, 334, 335",52.0,50.0
171,De wolf,"DET, NOUN",wolf,7,"de, wolf",6,820,821,3.0,0.0,False,Lemma occurs to often,"336, 337",2.0,1.0
172,De wolf,"DET, NOUN",wolf,7,"de, wolf",6,828,829,3.0,1.0,False,Lemma occurs to often,"338, 339",2.0,1.0
173,een vaste bewoner,"DET, ADJ, NOUN",bewoner,5,"een, vaste, bewoner",1,832,834,3.0,1.0,False,,"340, 341, 342",7.0,5.0
174,ons land,"PRON, NOUN",land,3,"ons, land",3,836,837,3.0,1.0,False,,"343, 344",10.0,9.0
175,de laatste tijd,"DET, ADJ, NOUN",tijd,3,"de, laatste, tijd",2,843,845,3.0,1.0,False,,"345, 346, 347",17.0,15.0
176,elke week,"PRON, NOUN",week,1,"elke, week",1,846,847,3.0,1.0,False,,"348, 349",19.0,18.0
177,meer meldingen,"NUM, NOUN",meldingen,1,"meer, meldingen",1,848,849,3.0,1.0,False,,"350, 351",21.0,20.0
178,rondtrekkende wolven,"ADJ, NOUN",wolf,7,"rondtrekkende, wolf",1,851,852,3.0,1.0,False,Lemma occurs to often,"352, 353",24.0,23.0
179,het begin,"DET, NOUN",begin,1,"het, begin",1,859,860,3.0,1.0,False,,"354, 355",31.0,30.0
180,de roofdieren,"DET, NOUN",roofdieren,1,"de, roofdieren",1,868,869,3.0,1.0,False,,"356, 357",39.0,38.0
181,de wolf,"DET, NOUN",wolf,7,"de, wolf",6,873,874,3.0,1.0,False,Lemma occurs to often,"358, 359",44.0,43.0
182,meer dieren,"NUM, NOUN",dier,2,"meer, dier",2,876,877,3.0,1.0,False,,"360, 361",47.0,46.0
183,De goudjakhals,"DET, NOUN",goudjakhals,2,"de, goudjakhals",1,881,882,3.0,2.0,False,Sentence initial,"362, 363",2.0,1.0
184,het eerstvolgende beest,"DET, ADJ, NOUN",beest,2,"het, eerstvolgende, beest",1,885,887,3.0,2.0,False,,"364, 365, 366",7.0,5.0
185,Vorig jaar,"ADJ, NOUN",jaar,2,"vorig, jaar",1,894,895,3.0,2.0,True,Sentence initial,"367, 368",14.0,13.0
186,een goudjakhals,"DET, NOUN",goudjakhals,2,"een, goudjakhals",1,899,900,3.0,2.0,False,,"369, 370",19.0,18.0
187,de heide,"DET, NOUN",heide,1,"de, heide",1,902,903,3.0,2.0,False,,"371, 372",22.0,21.0
188,Dit schepsel,"PRON, NOUN",schepsel,1,"dit, schepsel",1,906,907,3.0,2.0,False,Sentence initial,"373, 374",25.0,24.0
189,de wolf,"DET, NOUN",wolf,7,"de, wolf",6,912,913,3.0,2.0,False,Lemma occurs to often,"375, 376",30.0,29.0
190,een hondachtige,"DET, NOUN",hondachtige,1,"een, hondachtige",1,915,916,3.0,2.0,False,,"377, 378",32.0,31.0
191,tien jaar,"NUM, NOUN",jaar,2,"tien, jaar",1,919,920,3.0,2.0,False,,"379, 380",35.0,34.0
192,de jakhalzen,"DET, NOUN",jakhalzen,1,"de, jakhalzen",1,922,923,3.0,2.0,False,,"381, 382",38.0,37.0
193,Het beest,"DET, NOUN",beest,2,"het, beest",1,927,928,3.0,2.0,False,Sentence initial,"383, 384",42.0,41.0
194,het buitenland,"DET, NOUN",buitenland,1,"het, buitenland",1,932,933,3.0,2.0,False,,"385, 386",47.0,46.0
195,de lynx,"DET, NOUN",lynx,2,"de, lynx",2,938,939,3.0,3.0,False,,"387, 388",3.0,2.0
196,weg,NOUN,weg,1,weg,1,942,942,3.0,3.0,False,,389,6.0,6.0
197,ons land,"PRON, NOUN",land,3,"ons, land",3,944,945,3.0,3.0,False,,"390, 391",9.0,8.0
198,Deze katachtige,"PRON, NOUN",katachtige,1,"deze, katachtige",1,947,948,3.0,3.0,False,Sentence initial,"392, 393",11.0,10.0
199,een herdershond,"DET, NOUN",herdershond,1,"een, herdershond",1,954,955,3.0,3.0,False,,"394, 395",18.0,17.0
200,katachtigen,NOUN,katachtigen,1,katachtigen,1,965,965,3.0,3.0,False,,396,27.0,27.0
201,hondensoorten,NOUN,hondensoorten,1,hondensoorten,1,971,971,3.0,3.0,False,,397,33.0,33.0
202,de jakhals,"DET, NOUN",jakhals,1,"de, jakhals",1,973,974,3.0,3.0,False,,"398, 399",36.0,35.0
203,de wolf,"DET, NOUN",wolf,7,"de, wolf",6,976,977,3.0,3.0,False,Lemma occurs to often,"400, 401",39.0,38.0
204,natuurliefhebbers,NOUN,natuurliefhebbers,1,natuurliefhebbers,1,981,981,3.0,3.0,False,,402,42.0,42.0
205,jaren,NOUN,jaren,1,jaren,1,983,983,3.0,3.0,False,,403,44.0,44.0
206,de komst,"DET, NOUN",komst,2,"de, komst",1,986,987,3.0,3.0,False,,"404, 405",48.0,47.0
207,de lynx,"DET, NOUN",lynx,2,"de, lynx",2,989,990,3.0,3.0,False,,"406, 407",51.0,50.0
208,de beren,"DET, NOUN",beer,4,"de, beer",3,997,998,3.0,4.0,False,,"408, 409",7.0,6.0
209,de bruine beer,"DET, ADJ, NOUN",beer,4,"de, bruine, beer",1,1011,1013,3.0,4.0,False,,"410, 411, 412",20.0,18.0
210,de middeleeuwen,"DET, NOUN",middeleeuwen,1,"de, middeleeuwen",1,1016,1017,3.0,4.0,False,,"413, 414",24.0,23.0
211,ons land,"PRON, NOUN",land,3,"ons, land",3,1019,1020,3.0,4.0,False,,"415, 416",27.0,26.0
212,De beer,"DET, NOUN",beer,4,"de, beer",3,1023,1024,3.0,4.0,False,Sentence initial,"417, 418",30.0,29.0
213,de beer,"DET, NOUN",beer,4,"de, beer",3,1035,1036,3.0,4.0,False,,"419, 420",41.0,40.0
214,een voorzichtige terugkeer,"DET, ADJ, NOUN",terugkeer,1,"een, voorzichtige, terugkeer",1,1038,1040,3.0,4.0,False,,"421, 422, 423",45.0,43.0
215,dit wild,"PRON, NOUN",wild,1,"dit, wild",1,1050,1051,3.0,5.0,False,,"424, 425",9.0,8.0
216,koffiedik,NOUN,koffiedik,1,koffiedik,1,1057,1057,3.0,5.0,False,,426,14.0,14.0
217,de teruggekeerde beesten,"DET, ADJ, NOUN",beesten,1,"de, teruggekeerde, beesten",1,1066,1068,3.0,5.0,False,,"427, 428, 429",24.0,22.0
218,de wilde kat,"DET, ADJ, NOUN",kat,1,"de, wilde, kat",1,1071,1073,3.0,5.0,False,,"430, 431, 432",28.0,26.0
219,de wolf,"DET, NOUN",wolf,7,"de, wolf",6,1075,1076,3.0,5.0,False,Lemma occurs to often,"433, 434",31.0,30.0
220,meer dieren,"NUM, NOUN",dier,2,"meer, dier",2,1093,1094,3.0,5.0,False,,"435, 436",45.0,44.0
221,De communicerende zelfrijdende auto,"DET, ADJ, ADJ, NOUN",auto,21,"de, communicerende, zelfrijdende, auto",1,1097,1100,4.0,0.0,False,Lemma occurs to often,"437, 438, 439, 440",4.0,1.0
222,De laatste tijd,"DET, ADJ, NOUN",tijd,3,"de, laatste, tijd",2,1101,1103,4.0,1.0,False,Sentence initial,"441, 442, 443",3.0,1.0
223,de zelfrijdende auto,"DET, ADJ, NOUN",auto,21,"de, zelfrijdende, auto",1,1105,1107,4.0,1.0,False,Lemma occurs to often,"444, 445, 446",7.0,5.0
224,het,NOUN,het,1,het,1,1110,1110,4.0,1.0,False,,447,10.0,10.0
225,nieuws,NOUN,nieuws,1,nieuws,1,1111,1111,4.0,1.0,False,,448,11.0,11.0
226,zelfrijdende auto,"ADJ, NOUN",auto,21,"zelfrijdende, auto",2,1116,1117,4.0,1.0,False,Lemma occurs to often,"449, 450",16.0,15.0
227,Een zelfrijdende auto,"DET, ADJ, NOUN",auto,21,"een, zelfrijdende, auto",2,1121,1123,4.0,1.0,False,Lemma occurs to often,"451, 452, 453",20.0,18.0
228,tegenstelling,NOUN,tegenstelling,2,tegenstelling,2,1126,1126,4.0,1.0,False,,454,23.0,23.0
229,normale auto,"ADJ, NOUN",auto,21,"normale, auto",1,1128,1129,4.0,1.0,False,Lemma occurs to often,"455, 456",26.0,25.0
230,zijn omgeving,"PRON, NOUN",omgeving,2,"zijn, omgeving",2,1132,1133,4.0,1.0,False,,"457, 458",29.0,28.0
231,andere zelfrijdende auto,"PRON, ADJ, NOUN",auto,21,"andere, zelfrijdende, auto",2,1136,1138,4.0,1.0,False,Lemma occurs to often,"459, 460, 461",34.0,32.0
232,meer communicatie,"NUM, NOUN",communicatie,2,"meer, communicatie",1,1143,1144,4.0,1.0,False,,"462, 463",38.0,37.0
233,het verkeer,"DET, NOUN",verkeer,3,"het, verkeer",2,1146,1147,4.0,1.0,False,,"464, 465",41.0,40.0
234,veel gevaren,"NUM, NOUN",gevaren,1,"veel, gevaren",1,1149,1150,4.0,1.0,False,,"466, 467",44.0,43.0
235,Enkele voorbeelden,"PRON, NOUN",voorbeelden,1,"enkele, voorbeelden",1,1154,1155,4.0,2.0,False,Sentence initial,"468, 469",2.0,1.0
236,de snelweg,"DET, NOUN",snelweg,1,"de, snelweg",1,1158,1159,4.0,2.0,False,,"470, 471",5.0,4.0
237,een file,"DET, NOUN",file,3,"een, file",1,1161,1162,4.0,2.0,False,,"472, 473",8.0,7.0
238,een auto,"DET, NOUN",auto,21,"een, auto",1,1166,1167,4.0,2.0,False,Lemma occurs to often,"474, 475",12.0,11.0
239,de oprit,"DET, NOUN",oprit,1,"de, oprit",1,1168,1169,4.0,2.0,False,,"476, 477",14.0,13.0
240,de file,"DET, NOUN",file,3,"de, file",1,1172,1173,4.0,2.0,False,,"478, 479",18.0,17.0
241,een signaaltje,"DET, NOUN",signaaltje,1,"een, signaaltje",1,1178,1179,4.0,2.0,False,,"480, 481",23.0,22.0
242,de auto,"DET, NOUN",auto,21,"de, auto",6,1181,1182,4.0,2.0,False,Lemma occurs to often,"482, 483",26.0,25.0
243,file,NOUN,file,3,file,1,1188,1188,4.0,2.0,True,,484,30.0,30.0
244,communicatie,NOUN,communicatie,2,communicatie,1,1197,1197,4.0,2.0,False,,485,37.0,37.0
245,brandweerwagens,NOUN,brandweerwagens,1,brandweerwagens,1,1203,1203,4.0,2.0,True,,486,40.0,40.0
246,ambulances,NOUN,ambulances,1,ambulances,1,1205,1205,4.0,2.0,False,,487,42.0,42.0
247,een signaal,"DET, NOUN",signaal,1,"een, signaal",1,1207,1208,4.0,2.0,False,,"488, 489",45.0,44.0
248,auto,NOUN,auto,21,auto,3,1210,1210,4.0,2.0,False,Lemma occurs to often,490,47.0,47.0
249,Auto,NOUN,auto,21,auto,3,1224,1224,4.0,2.0,True,Lemma occurs to often,491,57.0,57.0
250,waarschuwingen,NOUN,waarschuwingen,1,waarschuwingen,1,1235,1235,4.0,3.0,False,,492,2.0,2.0
251,zijn omgeving,"PRON, NOUN",omgeving,2,"zijn, omgeving",2,1237,1238,4.0,3.0,False,,"493, 494",5.0,4.0
252,auto,NOUN,auto,21,auto,3,1240,1240,4.0,3.0,False,Lemma occurs to often,495,7.0,7.0
253,signalen,NOUN,signalen,1,signalen,1,1243,1243,4.0,3.0,False,,496,9.0,9.0
254,verkeerslichten,NOUN,verkeerslichten,2,verkeerslichten,1,1245,1245,4.0,3.0,False,,497,11.0,11.0
255,De snelheid,"DET, NOUN",snelheid,3,"de, snelheid",1,1248,1249,4.0,3.0,False,Sentence initial,"498, 499",14.0,13.0
256,de auto,"DET, NOUN",auto,21,"de, auto",6,1251,1252,4.0,3.0,False,Lemma occurs to often,"500, 501",17.0,16.0
257,de verkeerslichten,"DET, NOUN",verkeerslichten,2,"de, verkeerslichten",1,1256,1257,4.0,3.0,False,,"502, 503",22.0,21.0
258,de auto,"DET, NOUN",auto,21,"de, auto",6,1262,1263,4.0,3.0,False,Lemma occurs to often,"504, 505",27.0,26.0
259,een rood stoplicht,"DET, ADJ, NOUN",stoplicht,1,"een, rood, stoplicht",1,1266,1268,4.0,3.0,False,,"506, 507, 508",32.0,30.0
260,een groene golf,"DET, ADJ, NOUN",golf,1,"een, groene, golf",1,1277,1279,4.0,3.0,False,,"509, 510, 511",42.0,40.0
261,de lange termijn,"DET, ADJ, NOUN",termijn,1,"de, lange, termijn",1,1284,1286,4.0,3.0,False,,"512, 513, 514",48.0,46.0
262,meer verkeer,"NUM, NOUN",verkeer,3,"meer, verkeer",1,1288,1289,4.0,3.0,False,,"515, 516",51.0,50.0
263,minder stoplichten,"NUM, NOUN",stoplichten,1,"minder, stoplichten",1,1290,1291,4.0,3.0,False,,"517, 518",53.0,52.0
264,een normale auto,"DET, ADJ, NOUN",auto,21,"een, normale, auto",1,1297,1299,4.0,4.0,False,Lemma occurs to often,"519, 520, 521",6.0,4.0
265,een vaste snelheid,"DET, ADJ, NOUN",snelheid,3,"een, vaste, snelheid",1,1301,1303,4.0,4.0,False,,"522, 523, 524",10.0,8.0
266,een snelheidsregelaar,"DET, NOUN",snelheidsregelaar,2,"een, snelheidsregelaar",1,1307,1308,4.0,4.0,False,,"525, 526",15.0,14.0
267,Zelfrijdende auto,"ADJ, NOUN",auto,21,"zelfrijdende, auto",2,1310,1311,4.0,4.0,True,Lemma occurs to often,"527, 528",17.0,16.0
268,een automatische snelheidsregelaar,"DET, ADJ, NOUN",snelheidsregelaar,2,"een, automatische, snelheidsregelaar",1,1314,1316,4.0,4.0,False,,"529, 530, 531",21.0,19.0
269,de ingestelde snelheid,"DET, ADJ, NOUN",snelheid,3,"de, ingestelde, snelheid",1,1318,1320,4.0,4.0,False,,"532, 533, 534",25.0,23.0
270,het verkeer,"DET, NOUN",verkeer,3,"het, verkeer",2,1322,1323,4.0,4.0,False,,"535, 536",28.0,27.0
271,de buurt,"DET, NOUN",buurt,1,"de, buurt",1,1325,1326,4.0,4.0,False,,"537, 538",31.0,30.0
272,de auto,"DET, NOUN",auto,21,"de, auto",6,1328,1329,4.0,4.0,False,Lemma occurs to often,"539, 540",34.0,33.0
273,de auto,"DET, NOUN",auto,21,"de, auto",6,1333,1334,4.0,4.0,False,Lemma occurs to often,"541, 542",38.0,37.0
274,jouw auto,"PRON, NOUN",auto,21,"jouw, auto",1,1341,1342,4.0,4.0,False,Lemma occurs to often,"543, 544",45.0,44.0
275,de auto,"DET, NOUN",auto,21,"de, auto",6,1351,1352,4.0,4.0,False,Lemma occurs to often,"545, 546",54.0,53.0
276,een zelfrijdende auto,"DET, ADJ, NOUN",auto,21,"een, zelfrijdende, auto",2,1360,1362,4.0,5.0,False,Lemma occurs to often,"547, 548, 549",4.0,2.0
277,een onverwacht gevaar,"DET, ADJ, NOUN",gevaar,1,"een, onverwacht, gevaar",1,1363,1365,4.0,5.0,False,,"550, 551, 552",7.0,5.0
278,deze informatie,"PRON, NOUN",informatie,1,"deze, informatie",1,1370,1371,4.0,5.0,False,,"553, 554",12.0,11.0
279,internet,NOUN,internet,2,internet,2,1373,1373,4.0,5.0,False,,555,14.0,14.0
280,andere zelfrijdende auto,"PRON, ADJ, NOUN",auto,21,"andere, zelfrijdende, auto",2,1378,1380,4.0,5.0,False,Lemma occurs to often,"556, 557, 558",20.0,18.0
281,de gevaarlijke situatie,"DET, ADJ, NOUN",situatie,1,"de, gevaarlijke, situatie",1,1381,1383,4.0,5.0,False,,"559, 560, 561",23.0,21.0
282,internet,NOUN,internet,2,internet,2,1389,1389,4.0,5.0,False,,562,28.0,28.0
283,een waarschuwing,"DET, NOUN",waarschuwing,1,"een, waarschuwing",1,1390,1391,4.0,5.0,False,,"563, 564",30.0,29.0
284,zijn rijgedrag,"PRON, NOUN",rijgedrag,1,"zijn, rijgedrag",1,1395,1396,4.0,5.0,False,,"565, 566",35.0,34.0
285,Zora,NOUN,zora,6,zora,6,1399,1399,5.0,0.0,True,Lemma occurs to often,567,1.0,1.0
286,de zorgrobot,"DET, NOUN",zorgrobot,3,"de, zorgrobot",2,1400,1401,5.0,0.0,False,,"568, 569",3.0,2.0
287,Zora,NOUN,zora,6,zora,6,1402,1402,5.0,1.0,True,Lemma occurs to often,570,1.0,1.0
288,een pratende zorgrobot,"DET, ADJ, NOUN",zorgrobot,3,"een, pratende, zorgrobot",1,1404,1406,5.0,1.0,False,,"571, 572, 573",5.0,3.0
289,veel vrienden,"NUM, NOUN",vrienden,1,"veel, vrienden",1,1416,1417,5.0,1.0,False,,"574, 575",15.0,14.0
290,haar komst,"PRON, NOUN",komst,2,"haar, komst",1,1421,1422,5.0,1.0,False,,"576, 577",19.0,18.0
291,vragen,NOUN,vragen,1,vragen,1,1424,1424,5.0,1.0,False,,578,21.0,21.0
292,de toekomst,"DET, NOUN",toekomst,1,"de, toekomst",1,1427,1428,5.0,1.0,False,,"579, 580",25.0,24.0
293,de zorg,"DET, NOUN",zorg,1,"de, zorg",1,1430,1431,5.0,1.0,False,,"581, 582",28.0,27.0
294,de bewoners,"DET, NOUN",bewoner,5,"de, bewoner",4,1435,1436,5.0,1.0,False,,"583, 584",32.0,31.0
295,verzorgingshuizen,NOUN,verzorgingshuizen,1,verzorgingshuizen,1,1438,1438,5.0,1.0,False,,585,34.0,34.0
296,de robot,"DET, NOUN",robot,5,"de, robot",3,1439,1440,5.0,1.0,False,,"586, 587",36.0,35.0
297,de robot,"DET, NOUN",robot,5,"de, robot",3,1443,1444,5.0,2.0,False,,"588, 589",3.0,2.0
298,de bewoners,"DET, NOUN",bewoner,5,"de, bewoner",4,1448,1449,5.0,2.0,False,,"590, 591",7.0,6.0
299,Zora,NOUN,zora,6,zora,6,1456,1456,5.0,2.0,True,Lemma occurs to often,592,13.0,13.0
300,een bekend liedje,"DET, ADJ, NOUN",lied,3,"een, bekend, lied",1,1458,1460,5.0,2.0,False,,"593, 594, 595",17.0,15.0
301,Het publiek,"DET, NOUN",publiek,1,"het, publiek",1,1462,1463,5.0,2.0,False,Sentence initial,"596, 597",19.0,18.0
302,een beetje,"DET, NOUN",beetje,1,"een, beetje",1,1465,1466,5.0,2.0,False,,"598, 599",22.0,21.0
303,de pop,"DET, NOUN",pop,1,"de, pop",1,1471,1472,5.0,2.0,False,,"600, 601",27.0,26.0
304,het refrein,"DET, NOUN",refrein,1,"het, refrein",1,1474,1475,5.0,2.0,False,,"602, 603",30.0,29.0
305,de bewoners,"DET, NOUN",bewoner,5,"de, bewoner",4,1480,1481,5.0,2.0,False,,"604, 605",35.0,34.0
306,De robot,"DET, NOUN",robot,5,"de, robot",3,1485,1486,5.0,2.0,False,Sentence initial,"606, 607",39.0,38.0
307,haar huisgenoten,"PRON, NOUN",huisgenoten,1,"haar, huisgenoten",1,1496,1497,5.0,2.0,False,,"608, 609",49.0,48.0
308,een groot plezier,"DET, ADJ, NOUN",plezier,1,"een, groot, plezier",1,1498,1500,5.0,2.0,False,,"610, 611, 612",52.0,50.0
309,een kind,"DET, NOUN",kind,1,"een, kind",1,1506,1507,5.0,3.0,False,,"613, 614",6.0,5.0
310,een robot,"DET, NOUN",robot,5,"een, robot",1,1508,1509,5.0,3.0,False,,"615, 616",8.0,7.0
311,een mens,"DET, NOUN",mens,6,"een, mens",1,1517,1518,5.0,3.0,False,Lemma occurs to often,"617, 618",16.0,15.0
312,contact,NOUN,contact,1,contact,1,1522,1522,5.0,3.0,False,,619,20.0,20.0
313,ogen,NOUN,ogen,1,ogen,1,1526,1526,5.0,3.0,False,,620,23.0,23.0
314,een knuffel,"DET, NOUN",knuffel,1,"een, knuffel",1,1544,1545,5.0,3.0,False,,"621, 622",40.0,39.0
315,veel vrolijkheid,"NUM, NOUN",vrolijkheid,1,"veel, vrolijkheid",1,1552,1553,5.0,3.0,False,,"623, 624",47.0,46.0
316,de ouderen,"DET, NOUN",ouderen,3,"de, ouderen",2,1557,1558,5.0,3.0,False,,"625, 626",51.0,50.0
317,dementie,NOUN,dementie,1,dementie,1,1560,1560,5.0,3.0,False,,627,53.0,53.0
318,Zora,NOUN,zora,6,zora,6,1562,1562,5.0,4.0,True,Lemma occurs to often,628,1.0,1.0
319,veel geld,"NUM, NOUN",geld,1,"veel, geld",1,1564,1565,5.0,4.0,False,,"629, 630",4.0,3.0
320,de programmamanager,"DET, NOUN",programmamanager,1,"de, programmamanager",1,1569,1570,5.0,4.0,False,,"631, 632",8.0,7.0
321,welzijn,NOUN,welzijn,1,welzijn,1,1572,1572,5.0,4.0,False,,633,10.0,10.0
322,de ouderen,"DET, NOUN",ouderen,3,"de, ouderen",2,1575,1576,5.0,4.0,False,,"634, 635",14.0,13.0
323,de bewoners,"DET, NOUN",bewoner,5,"de, bewoner",4,1581,1582,5.0,4.0,False,,"636, 637",19.0,18.0
324,liedjes,NOUN,lied,3,lied,2,1587,1587,5.0,4.0,True,,638,23.0,23.0
325,haar verhalen,"PRON, NOUN",verhalen,1,"haar, verhalen",1,1594,1595,5.0,4.0,False,,"639, 640",31.0,30.0
326,Zora,NOUN,zora,6,zora,6,1597,1597,5.0,4.0,True,Lemma occurs to often,641,32.0,32.0
327,de oefeningen,"DET, NOUN",oefeningen,1,"de, oefeningen",1,1600,1601,5.0,4.0,False,,"642, 643",36.0,35.0
328,de gymles,"DET, NOUN",gymles,1,"de, gymles",1,1604,1605,5.0,4.0,False,,"644, 645",40.0,39.0
329,ouderen,NOUN,ouderen,3,ouderen,1,1607,1607,5.0,4.0,False,,646,42.0,42.0
330,de fysiotherapeut,"DET, NOUN",fysiotherapeut,1,"de, fysiotherapeut",1,1610,1611,5.0,4.0,False,,"647, 648",45.0,44.0
331,de positieve inbreng,"DET, ADJ, NOUN",inbreng,1,"de, positieve, inbreng",1,1621,1623,5.0,5.0,False,,"649, 650, 651",4.0,2.0
332,de zorgrobot,"DET, NOUN",zorgrobot,3,"de, zorgrobot",2,1625,1626,5.0,5.0,False,,"652, 653",7.0,6.0
333,weerstand,NOUN,weerstand,1,weerstand,1,1629,1629,5.0,5.0,False,,654,10.0,10.0
334,de nieuwe techniek,"DET, ADJ, NOUN",techniek,1,"de, nieuwe, techniek",1,1632,1634,5.0,5.0,False,,"655, 656, 657",15.0,13.0
335,de angst,"DET, NOUN",angst,1,"de, angst",1,1638,1639,5.0,5.0,False,,"658, 659",19.0,18.0
336,de hulp,"DET, NOUN",hulp,1,"de, hulp",1,1642,1643,5.0,5.0,False,,"660, 661",23.0,22.0
337,minder tijd,"NUM, NOUN",tijd,3,"minder, tijd",1,1644,1645,5.0,5.0,False,,"662, 663",25.0,24.0
338,het huis,"DET, NOUN",huis,1,"het, huis",1,1647,1648,5.0,5.0,False,,"664, 665",28.0,27.0
339,deze robot,"PRON, NOUN",robot,5,"deze, robot",1,1657,1658,5.0,5.0,False,,"666, 667",37.0,36.0
340,Zora,NOUN,zora,6,zora,6,1660,1660,5.0,5.0,True,Lemma occurs to often,668,38.0,38.0
341,de manager,"DET, NOUN",manager,1,"de, manager",1,1663,1664,5.0,5.0,False,,"669, 670",42.0,41.0
342,geen personeel,"PRON, NOUN",personeel,1,"geen, personeel",1,1665,1666,5.0,5.0,False,,"671, 672",44.0,43.0
343,een extraatje,"DET, NOUN",extraatje,1,"een, extraatje",1,1673,1674,5.0,5.0,False,,"673, 674",51.0,50.0
